domA	domB	source
1qdm	2gtg	benchmark
1puj	1zbd	benchmark
1cid	1dce	benchmark
1boo	1g38	benchmark
1ca1	1p8j	benchmark
1h0r	1iu9	benchmark
2pel	3cna	benchmark
k8	qz	benchmark
1qas	1rsy	benchmark
1phr	1vhr	benchmark
1jbw	1mkz	benchmark
d1ca1a2	d1w9sa_	candidate
d1l3wa3	d2ccva1	candidate
d2ccva1	d2illa2	candidate
d2ccva1	d3m8oh2	candidate
d1txka1	d2ccva1	candidate
d3mqda2	d6lw3a_	candidate
d1u14a1	d3mqda2	candidate
d1dt9a1	d3mqda2	candidate
d3mqda2	d4af1a2	candidate
d3bzca5	d3mqda2	candidate
d1qmha1	d2yyda1	candidate
d2hgaa1	d3nfka_	candidate
d1pj5a1	d2hvyb1	candidate
d1krha1	d1pj5a1	candidate
d1pj5a1	d2grea1	candidate
d1pj5a1	d2jdia2	candidate
d1pj5a1	d1xe1a_	candidate
d1pj5a1	d2crva1	candidate
d1d1na_	d1pj5a1	candidate
d1pj5a1	d1r5ba1	candidate
d1pj5a1	d2jdid2	candidate
d1pj5a1	d2pp6a1	candidate
d1pj5a1	d2c78a1	candidate
d1pj5a1	d3gqba1	candidate
d1pj5a1	d2dpya1	candidate
d1jnya1	d1pj5a1	candidate
d1pj5a1	d4ac9a2	candidate
d1pj5a1	d5tr9a1	candidate
d1pj5a1	d4rd4a2	candidate
d1pj5a1	d1zunb1	candidate
d1pj5a1	d2fvga1	candidate
d1ep3b1	d1pj5a1	candidate
d1pj5a1	d3h9na1	candidate
d1pj5a1	d1y0ya1	candidate
d1pj5a1	d4ac9a1	candidate
d1pj5a1	d1yloa1	candidate
d1g7sa1	d1pj5a1	candidate
d1pj5a1	d1vhoa1	candidate
d1pj5a1	d1sqra_	candidate
d3rf3a1	d4o5ma2	candidate
d1aepa_	d4o5ma2	candidate
d2rc5a2	d4lzla_	candidate
d2rc5a2	d5i4ca_	candidate
d1ykga1	d2rc5a2	candidate
d2rc5a2	d3ltea_	candidate
d2rc5a2	d3cfya1	candidate
d2rc5a2	d3eqza1	candidate
d1dbwa_	d2rc5a2	candidate
d2rc5a2	d5c1ta1	candidate
d2rc5a2	d3hlya_	candidate
d1w25a2	d2rc5a2	candidate
d2rc5a2	d6xvud_	candidate
d1ccwa_	d2rc5a2	candidate
d2rc5a2	d7ccia1	candidate
d1w25a1	d2rc5a2	candidate
d2rc5a2	d6ohka1	candidate
d2rc5a2	d6onta_	candidate
d2jrla_	d2rc5a2	candidate
d2b4aa1	d2rc5a2	candidate
d2qv0a_	d2rc5a2	candidate
d2rc5a2	d3eula_	candidate
d2rc5a2	d6ekgy_	candidate
d1bvyf_	d2rc5a2	candidate
d2rc5a2	d5nula_	candidate
d2rc5a2	d3t8ya_	candidate
d2qr3a1	d2rc5a2	candidate
d2rc5a2	d3hv2a_	candidate
d2rc5a2	d4nica_	candidate
d2rc5a2	d5tqja_	candidate
d2rc5a2	d3heba1	candidate
d2rc5a2	d5wida_	candidate
d2rc5a2	d4e7pa1	candidate
d2rc5a2	d4euka_	candidate
d2rc5a2	d3khta_	candidate
d1t3ga_	d2rc5a2	candidate
d1dcfa_	d2rc5a2	candidate
d2rc5a2	d3h5ia_	candidate
d1m5ta_	d2rc5a2	candidate
d2rc5a2	d4zyla_	candidate
d2mska_	d2rc5a2	candidate
d2rc5a2	d3q15c_	candidate
d2ar5a1	d2ia7a1	candidate
d1uv7a_	d2cdqa2	candidate
d2hgaa1	d2kv8a_	candidate
d3a6ra_	d3w5ha1	candidate
d3rkpa1	d6jz2a2	candidate
d3rkpa3	d6jz2a2	candidate
d1pd0a1	d2c0ga1	candidate
d1vlya1	d2hvyb1	candidate
d1vlya1	d2jdia2	candidate
d1vlya1	d1xe1a_	candidate
d1vlya1	d2f1la2	candidate
d1r5ba1	d1vlya1	candidate
d1vlya1	d2jdid2	candidate
d1vlya1	d3gqba1	candidate
d1vlya1	d2dpya1	candidate
d1jnya1	d1vlya1	candidate
d1vlya1	d4ac9a2	candidate
d1vlya1	d1zunb1	candidate
d1ep3b1	d1vlya1	candidate
d1vlya1	d1y0ya1	candidate
d1vlya1	d4ac9a1	candidate
d1g7sa1	d1vlya1	candidate
d1sqra_	d1vlya1	candidate
d2fiqa1	d5lxea_	candidate
d2p4oa1	d6hrla_	candidate
d3ktoa_	d4eh1a2	candidate
d1tvca2	d3ktoa_	candidate
d2piaa2	d3ktoa_	candidate
d1xg2b1	d3iqca_	candidate
d1qzya1	d3k2za1	candidate
d1r4xa1	d1wfma1	candidate
d1wfma1	d3ivva1	candidate
d1brta_	d2d81a1	candidate
d4dpoa1	d7d59k_	candidate
d1bdfa1	d4dpoa1	candidate
d1twfk_	d4dpoa1	candidate
d1bdfa1	d1tuva_	candidate
d1v5va1	d2gk6a2	candidate
d2gk6a2	d3kyga1	candidate
d2gk6a2	d2pp6a1	candidate
d2j43a1	d4n2ka1	candidate
d2iiaa_	d4n2ka1	candidate
d1uv7a_	d2bz2a1	candidate
d1y7na1	d2hgaa1	candidate
d2asba3	d2ctma1	candidate
d2asba3	d2je6i3	candidate
d2asba3	d4lija_	candidate
d2asba3	d6y2ca_	candidate
d1tuaa1	d2asba3	candidate
d1dtja_	d2asba3	candidate
d1zzka2	d2asba3	candidate
d2anra1	d2asba3	candidate
d1qaua_	d2hgaa1	candidate
d1i4ja_	d4g8ta1	candidate
d1vq8r1	d4g8ta1	candidate
d1v7mv_	d3t9ja_	candidate
d1huwa_	d3t9ja_	candidate
d1f45b_	d3t9ja_	candidate
d1bgca_	d3t9ja_	candidate
d1eera_	d3t9ja_	candidate
d2l3ya_	d3t9ja_	candidate
d1evsa_	d3t9ja_	candidate
d1alua_	d3t9ja_	candidate
d1lkia_	d3t9ja_	candidate
d3n0pa_	d3t9ja_	candidate
d3pmsa1	d3v98a1	candidate
d1bu8a1	d3pmsa1	candidate
d1ca1a2	d3pmsa1	candidate
d3pmsa1	d3pzwa1	candidate
d1kmta1	d3pmsa1	candidate
d2p0ma2	d3pmsa1	candidate
d1tqya2	d1u14a1	candidate
d1dt9a1	d1tqya2	candidate
d1tqya2	d4af1a2	candidate
d2i5ia1	d2im5a2	candidate
d1cipa1	d1wtya_	candidate
d2d81a1	d4h0ca1	candidate
d1b6ga_	d2d81a1	candidate
d2d81a1	d3kdaa1	candidate
d1pjaa_	d2d81a1	candidate
d2d81a1	d4uhca1	candidate
d1j1ia_	d2d81a1	candidate
d2d81a1	d6v7na1	candidate
d2d81a1	d3w06a_	candidate
d2d81a1	d5uroa1	candidate
d2d81a1	d3idaa1	candidate
d2d81a1	d2i3da1	candidate
d2d81a1	d7jqza_	candidate
d2d81a1	d5mifa_	candidate
d2d81a1	d3u0va_	candidate
d2d81a1	d2fuka1	candidate
d1fj2a1	d2d81a1	candidate
d1ufoa_	d2d81a1	candidate
d1uk8a_	d2d81a1	candidate
d1a8qa_	d2d81a1	candidate
d2d81a1	d6avxa_	candidate
d2d81a1	d5efza_	candidate
d2d81a1	d4wy8a1	candidate
d2d81a1	d5frda1	candidate
d1ei9a_	d2d81a1	candidate
d2d81a1	d7jqya_	candidate
d2d81a1	d7at0a_	candidate
d2d81a1	d4v2ia_	candidate
d2d81a1	d4j7aa_	candidate
d2d81a1	d3og9a_	candidate
d1wb4a2	d2d81a1	candidate
d1tqha_	d2d81a1	candidate
d2d81a1	d4i3fa1	candidate
d2d81a1	d4f21a1	candidate
d2d81a1	d5a62a_	candidate
d2d81a1	d6eqea1	candidate
d2d81a1	d3c8da2	candidate
d2d81a1	d3dkra_	candidate
d2d81a1	d5h3ha_	candidate
d1mj5a1	d2d81a1	candidate
d2d81a1	d4pw0a_	candidate
d1ys1x_	d2d81a1	candidate
d1mtza_	d2d81a1	candidate
d2d81a1	d6avya_	candidate
d2d81a1	d3wj2a_	candidate
d2d81a1	d4inza_	candidate
d2d81a1	d5egna_	candidate
d2d81a1	d3kxpa_	candidate
d1wm1a_	d2d81a1	candidate
d1q0ra_	d2d81a1	candidate
d2d81a1	d3vvma_	candidate
d2d81a1	d2psfa_	candidate
d2d81a1	d2pbla1	candidate
d2d81a1	d5w15a1	candidate
d2d81a1	d5jkja_	candidate
d1c4xa_	d2d81a1	candidate
d2d81a1	d3wj1a_	candidate
d1auoa_	d2d81a1	candidate
d2d81a1	d4x00a_	candidate
d2d81a1	d3wi7a_	candidate
d2d81a1	d7ci0a_	candidate
d1thta_	d2d81a1	candidate
d2d81a1	d4fhza1	candidate
d2d81a1	d6f9oa1	candidate
d2d81a1	d6ieya1	candidate
d2d81a1	d4rnca1	candidate
d2d81a1	d4nvra_	candidate
d2d81a1	d7ld8a1	candidate
d1jjfa_	d2d81a1	candidate
d2d81a1	d2jbwa1	candidate
d2b9va2	d2d81a1	candidate
d2d81a1	d2vaxa_	candidate
d2d81a1	d2ocga_	candidate
d1ct5a_	d1edta_	candidate
d2qdxa2	d5i4ca_	candidate
d1ykga1	d2qdxa2	candidate
d1rlia_	d2qdxa2	candidate
d2qdxa2	d3eqza1	candidate
d1dbwa_	d2qdxa2	candidate
d2qdxa2	d6xvud_	candidate
d1ccwa_	d2qdxa2	candidate
d2qdxa2	d6ohka1	candidate
d2b4aa1	d2qdxa2	candidate
d2qdxa2	d2qv0a_	candidate
d1bvyf_	d2qdxa2	candidate
d2qdxa2	d5nula_	candidate
d2qdxa2	d3t8ya_	candidate
d1jbea_	d2qdxa2	candidate
d2qdxa2	d7l9ca_	candidate
d2qdxa2	d5wida_	candidate
d2qdxa2	d4e7pa1	candidate
d2qdxa2	d4euka_	candidate
d2qdxa2	d3khta_	candidate
d1t3ga_	d2qdxa2	candidate
d2qdxa2	d4zyla_	candidate
d1k66a1	d2qdxa2	candidate
d1v5va1	d2hvyb1	candidate
d1wosa1	d2hvyb1	candidate
d2hvyb1	d2pp6a1	candidate
d1vloa1	d2hvyb1	candidate
d1bdfa1	d1u8sa1	candidate
d1u8sa1	d1uv7a_	candidate
d1bdfa1	d2zdpa2	candidate
d2hgaa1	d2jila_	candidate
d2imha1	d3ljqa_	candidate
d1qfja1	d1v5va1	candidate
d1qfja1	d3kyga1	candidate
d1vfha2	d2nlya1	candidate
d1v6ta_	d1vfha2	candidate
d1vfha2	d2i5ia1	candidate
d1krha1	d1v5va1	candidate
d1v5va1	d2grea1	candidate
d1v5va1	d1xe1a_	candidate
d1v5va1	d2f1la2	candidate
d1v5va1	d2crva1	candidate
d1v5va1	d2qdxa1	candidate
d1d1na_	d1v5va1	candidate
d1r5ba1	d1v5va1	candidate
d1v5va1	d2jdid2	candidate
d1v5va1	d2pp6a1	candidate
d1v5va1	d2c78a1	candidate
d1v5va1	d3gqba1	candidate
d1v5va1	d2dpya1	candidate
d1jnya1	d1v5va1	candidate
d1v5va1	d1zunb1	candidate
d1v5va1	d2fvga1	candidate
d1ep3b1	d1v5va1	candidate
d1v5va1	d1y0ya1	candidate
d1v5va1	d4ac9a1	candidate
d1g7sa1	d1v5va1	candidate
d1v5va1	d2piaa1	candidate
d1v5va1	d1vhoa1	candidate
d1sqra_	d1v5va1	candidate
d1ig0a2	d6jyyb_	candidate
d1o7d.2	d2qlvb1	candidate
d1egra_	d1gz0a2	candidate
d1qzya1	d7k63u_	candidate
d1xgsa1	d7k63u_	candidate
d3v98a1	d6yd4a2	candidate
d1bu8a1	d6yd4a2	candidate
d1ca1a2	d6yd4a2	candidate
d3pzwa1	d6yd4a2	candidate
d2p0ma2	d6yd4a2	candidate
d1atia1	d2qi2a2	candidate
d1wu7a1	d2qi2a2	candidate
d1v95a1	d2qi2a2	candidate
d1kmma1	d2qi2a2	candidate
d2d0ob1	d2qi2a2	candidate
d1jqga2	d1uv7a_	candidate
d1ca1a2	d6wpca3	candidate
d1nw7a_	d1sg9a_	candidate
d1booa_	d1sg9a_	candidate
d1g60a_	d1sg9a_	candidate
d1krha1	d3kyga1	candidate
d2qdxa1	d3kyga1	candidate
d3kyga1	d5tr9a1	candidate
d3kyga1	d4rd4a3	candidate
d1tvca1	d3kyga1	candidate
d3kyga1	d3ozua2	candidate
d2piaa1	d3kyga1	candidate
d1evsa_	d1rcwa_	candidate
d1wwma1	d3s9da_	candidate
d1au1a_	d1wwma1	candidate
d1bgca_	d1wwma1	candidate
d1wwma1	d2l3ya_	candidate
d1wwma1	d3piwa_	candidate
d1evsa_	d1wwma1	candidate
d1n1fa_	d1wwma1	candidate
d1alua_	d1wwma1	candidate
d1jr3d1	d1y6da_	candidate
d1uv7a_	d2fgca1	candidate
d1v93a_	d4l6ha2	candidate
d1v93a_	d4e6ma2	candidate
d1v93a_	d3dg3a2	candidate
d1v93a_	d3gd6a2	candidate
d1j93a_	d1v93a_	candidate
d1bdfa1	d2hiqa_	candidate
d1fjgj_	d2epia_	candidate
d2cf7a_	d3s9da_	candidate
d2ib0a1	d3s9da_	candidate
d2pyba_	d3s9da_	candidate
d3jqwa_	d3v98a1	candidate
d1ca1a2	d3jqwa_	candidate
d2p0ma2	d3jqwa_	candidate
d1v7mv_	d1zuja1	candidate
d1bgca_	d1zuja1	candidate
d1eera_	d1zuja1	candidate
d1zuja1	d2l3ya_	candidate
d1evsa_	d1zuja1	candidate
d1lkia_	d1zuja1	candidate
d1zuja1	d3n0pa_	candidate
d1bgca_	d1z6om1	candidate
d1evsa_	d1z6om1	candidate
d1lkia_	d1z6om1	candidate
d1bdfa1	d4i6ya2	candidate
d2gjva1	d4i6ya2	candidate
d2hgaa1	d6x1na_	candidate
d1dm9a_	d1jh3a_	candidate
d1sc6a2	d3w5ha2	candidate
d3cg4a_	d3w5ha2	candidate
d1gdha2	d3w5ha2	candidate
d1t3ga_	d3w5ha2	candidate
d2piaa2	d3cu5a1	candidate
d1kgsa2	d1krha2	candidate
d1kgsa2	d2piaa2	candidate
d1i4ja_	d3q4da1	candidate
d1i4ja_	d2zada1	candidate
d1i4ja_	d3i6ea1	candidate
d1i4ja_	d1yeya2	candidate
d1i4ja_	d4dhga1	candidate
d1i4ja_	d2pgwa1	candidate
d1i4ja_	d3bjsa1	candidate
d1i4ja_	d4h2ha1	candidate
d1i4ja_	d2p8ba1	candidate
d1i4ja_	d5olca1	candidate
d1i4ja_	d4e6ma1	candidate
d1i4ja_	d3toya1	candidate
d1i4ja_	d4dyea1	candidate
d1i4ja_	d4h83a1	candidate
d1i4ja_	d3ozya1	candidate
d1i4ja_	d3dg3a1	candidate
d1i4ja_	d2ovla1	candidate
d1i4ja_	d2hzga1	candidate
d1i4ja_	d3ik4a1	candidate
d1i4ja_	d1jpma2	candidate
d1i4ja_	d2gdqa2	candidate
d1i4ja_	d4hpna1	candidate
d1i4ja_	d1jpdx2	candidate
d1i4ja_	d3i4ka1	candidate
d1i4ja_	d3r1za1	candidate
d1i4ja_	d1r6wa2	candidate
d1i4ja_	d1r0ma2	candidate
d1i4ja_	d3rita1	candidate
d1i4ja_	d3gd6a1	candidate
d1i4ja_	d1wuea2	candidate
d1i4ja_	d1sjda2	candidate
d1i4ja_	d4k8ga1	candidate
d1i4ja_	d3dgba1	candidate
d1i4ja_	d4hcha1	candidate
d2hgaa1	d3sfja_	candidate
d1g7sa1	d2b7ca2	candidate
d1r4xa1	d2dmga1	candidate
d2dmga1	d3ivva1	candidate
d1lb6a_	d2dmga1	candidate
d2nqha_	d4dhga2	candidate
d1x7fa2	d2nqha_	candidate
d3ozua3	d4lzla_	candidate
d1krha2	d4lzla_	candidate
d4eh1a2	d4lzla_	candidate
d3qfta2	d4lzla_	candidate
d2piaa2	d4lzla_	candidate
d1uv7a_	d6id0c3	candidate
d2piaa2	d3a0ua_	candidate
d1sc6a2	d5tr9a2	candidate
d1sc6a2	d3ozua3	candidate
d1krha2	d1sc6a2	candidate
d1sc6a2	d4eh1a2	candidate
d1sc6a2	d3qfta2	candidate
d1sc6a2	d1tvca2	candidate
d1f20a2	d1sc6a2	candidate
d1qfja2	d1sc6a2	candidate
d1sc6a2	d3lo8a2	candidate
d1bdfa1	d1z2la2	candidate
d1z2la2	d2gjva1	candidate
d2c8ua1	d3vrna1	candidate
d2d81a1	d2xmza_	candidate
d1ca1a2	d1od3a_	candidate
d3jtea1	d3qfta2	candidate
d2piaa2	d3jtea1	candidate
d3r8qa1	d3rkpa1	candidate
d3cg4a_	d4eh1a2	candidate
d1tvca2	d3cg4a_	candidate
d2piaa2	d3cg4a_	candidate
d1qfja2	d3cg4a_	candidate
d1v7mv_	d7o6ea_	candidate
d1eera_	d7o6ea_	candidate
d3hx9a_	d7d59k_	candidate
d1q8ba_	d7d59k_	candidate
d1tz0a_	d7d59k_	candidate
d1qava_	d2hgaa1	candidate
d1vq8s1	d2mzra1	candidate
d1qzya1	d2dk8a1	candidate
d1xgsa1	d2dk8a1	candidate
d1krha1	d2asfa1	candidate
d1krha1	d2gmqa1	candidate
d1krha1	d2htia1	candidate
d1krha1	d3a6ra_	candidate
d1krha1	d1vloa1	candidate
d1qzya1	d1u5ta2	candidate
d1u5ta2	d1xgsa1	candidate
d1r3ra_	d6omza_	candidate
d2hgaa1	d4q2qa_	candidate
d1qzya1	d3bz6a1	candidate
d1xgsa1	d3bz6a1	candidate
d2hgaa1	d3b76a1	candidate
d5i4ca_	d5tr9a2	candidate
d3ozua3	d5i4ca_	candidate
d1fdra2	d5i4ca_	candidate
d1krha2	d5i4ca_	candidate
d4eh1a2	d5i4ca_	candidate
d3qfta2	d5i4ca_	candidate
d1tvca2	d5i4ca_	candidate
d3lo8a2	d5i4ca_	candidate
d2hgaa1	d4uu5a1	candidate
d1gvea_	d4l6ha2	candidate
d1tj2a2	d4l6ha2	candidate
d1uv7a_	d1whya1	candidate
d2hgaa1	d3khfa1	candidate
d1ukua_	d1uv7a_	candidate
d1qzya1	d3txna2	candidate
d1xgsa1	d3txna2	candidate
d1fjge2	d2cc6a_	candidate
d1ct5a_	d5t9ce_	candidate
d1ykga1	d3ozua3	candidate
d1ykga1	d4eh1a2	candidate
d1ykga1	d3qfta2	candidate
d1tvca2	d1ykga1	candidate
d1f20a2	d1ykga1	candidate
d1di2a_	d2cc6a_	candidate
d2cc6a_	d5npaa_	candidate
d1o0wa2	d2cc6a_	candidate
d2cc6a_	d2ez6a2	candidate
d1qzya1	d2htja1	candidate
d1xgsa1	d2htja1	candidate
d3ibxa1	d3n0pa_	candidate
d1v7mv_	d3ak8a_	candidate
d1v7mv_	d3b3ha_	candidate
d1v7mv_	d1yuza1	candidate
d1v7mv_	d4cy9a1	candidate
d1lkoa1	d1v7mv_	candidate
d1v7mv_	d2fjca1	candidate
d1v7mv_	d3iq1a_	candidate
d1v7mv_	d4cvra_	candidate
d1nfva_	d1v7mv_	candidate
d1v7mv_	d3kwoa1	candidate
d1v7mv_	d2cf7a_	candidate
d1v7mv_	d4a25a_	candidate
d1v7mv_	d2ib0a1	candidate
d1v7mv_	d2oh3a1	candidate
d1v7mv_	d2pyba_	candidate
d1jmrb3	d1zela1	candidate
d1jmrb3	d1qzya1	candidate
d1bdfa1	d1fnoa3	candidate
d1ifqa1	d3by8a_	candidate
d1ifqa1	d1p0za1	candidate
d1ifqa1	d2a2la1	candidate
d1k32a1	d2hgaa1	candidate
d1gz0a2	d4zbda1	candidate
d1uv7a_	d2ywka1	candidate
d1krha2	d3kyjb1	candidate
d3kyjb1	d4eh1a2	candidate
d1tvca2	d3kyjb1	candidate
d2piaa2	d3kyjb1	candidate
d1qfja2	d3kyjb1	candidate
d2hgaa1	d2yuba1	candidate
d1olza2	d5n4fa2	candidate
d2hgaa1	d4n6xa1	candidate
d1di2a_	d2vyxa_	candidate
d1zela1	d2bbya_	candidate
d3eqza1	d5tr9a2	candidate
d5c1ta1	d5tr9a2	candidate
d3hlya_	d5tr9a2	candidate
d5tr9a2	d6ohka1	candidate
d1gdha2	d5tr9a2	candidate
d3q72a_	d5tr9a2	candidate
d1rlja1	d5tr9a2	candidate
d1t3ga_	d5tr9a2	candidate
d1qzya1	d3ctaa1	candidate
d1p1ja2	d3td3a1	candidate
d1cc7a_	d1uv7a_	candidate
d1biaa1	d1qzya1	candidate
d1biaa1	d1xgsa1	candidate
d1qzya1	d2dk5a1	candidate
d1xgsa1	d2dk5a1	candidate
d1uv7a_	d6ff2a_	candidate
d1qupa2	d1uv7a_	candidate
d1ofux_	d1orda1	candidate
d1bgca_	d3ak8a_	candidate
d1eera_	d3ak8a_	candidate
d1evsa_	d3ak8a_	candidate
d1lkia_	d3ak8a_	candidate
d1bdfa1	d1ysja2	candidate
d2vyxa_	d5npaa_	candidate
d1wv8a1	d5npaa_	candidate
d1s3aa1	d1vm6a2	candidate
d3ltea_	d3ozua3	candidate
d1krha2	d3ltea_	candidate
d2piaa2	d3ltea_	candidate
d1fjgc2	d2o90a_	candidate
d1uv7a_	d6ybso_	candidate
d1wi4a1	d2hgaa1	candidate
d1fjgc2	d2dj6a_	candidate
d1fjgc2	d3v9oa_	candidate
d1dhna_	d1fjgc2	candidate
d1fjgc2	d2yzca1	candidate
d1fjgc2	d1nbua_	candidate
d1b9la_	d1fjgc2	candidate
d1rlia_	d3qfta2	candidate
d1rlia_	d1tvca2	candidate
d1ct5a_	d1n55a_	candidate
d1bdfa1	d1r3na2	candidate
d1r3na2	d2gjva1	candidate
d1krha2	d3grca_	candidate
d2piaa2	d3grca_	candidate
d1qzya1	d2v9va1	candidate
d1xgsa1	d2v9va1	candidate
d1vlpa2	d2nlya1	candidate
d1v6ta_	d1vlpa2	candidate
d1vlpa2	d2i5ia1	candidate
d2j01s1	d2ywqa1	candidate
d1bdfa1	d2q43a2	candidate
d2gjva1	d2q43a2	candidate
d1uv7a_	d6ez7a1	candidate
d5lxea_	d7c0da_	candidate
d1wdda1	d5lxea_	candidate
d4fhaa_	d5lxea_	candidate
d5lxea_	d5ruba1	candidate
d5lxea_	d5ui3a_	candidate
d1sr9a2	d5lxea_	candidate
d1vr6a2	d5lxea_	candidate
d2oemb2	d5lxea_	candidate
d3s5oa_	d5lxea_	candidate
d4cnna_	d5lxea_	candidate
d1sfla_	d5lxea_	candidate
d3m5va_	d5lxea_	candidate
d3l9ca1	d5lxea_	candidate
d1tj2a2	d5lxea_	candidate
d1i1ga2	d1uv7a_	candidate
d1mwza_	d1uv7a_	candidate
d1bgca_	d3b3ha_	candidate
d1eera_	d3b3ha_	candidate
d1evsa_	d3b3ha_	candidate
d1lkia_	d3b3ha_	candidate
d1eera_	d1yuza1	candidate
d1evsa_	d1yuza1	candidate
d1lkia_	d1yuza1	candidate
d2hgaa1	d2z9ia1	candidate
d1wifa1	d2hgaa1	candidate
d2hgaa1	d3axaa_	candidate
d2hgaa1	d3qdoa1	candidate
d2fe5a1	d2hgaa1	candidate
d2hgaa1	d2r4ha1	candidate
d2hgaa1	d2p3wa1	candidate
d1wi2a1	d2hgaa1	candidate
d2cssa1	d2hgaa1	candidate
d2dlua1	d2hgaa1	candidate
d2hgaa1	d2opga1	candidate
d1q3oa_	d2hgaa1	candidate
d2hgaa1	d6lcba_	candidate
d1kwaa_	d2hgaa1	candidate
d2dlsa1	d2hgaa1	candidate
d2hgaa1	d6x1ra1	candidate
d2egoa1	d2hgaa1	candidate
d2hgaa1	d3vqfa_	candidate
d1ky9b2	d2hgaa1	candidate
d1wh1a1	d2hgaa1	candidate
d1uhpa1	d2hgaa1	candidate
d2hgaa1	d3stja2	candidate
d2hgaa1	d2iwoa_	candidate
d2hgaa1	d5hj1a_	candidate
d2d92a1	d2hgaa1	candidate
d1ueqa1	d2hgaa1	candidate
d2hgaa1	d2q9va1	candidate
d2hgaa1	d7d6fa_	candidate
d1mfga1	d2hgaa1	candidate
d2hgaa1	d2o2ta1	candidate
d2hgaa1	d2koha1	candidate
d1r6ja1	d2hgaa1	candidate
d1fc6a3	d2hgaa1	candidate
d1x5na1	d2hgaa1	candidate
d2hgaa1	d2iwna1	candidate
d1ujda1	d2hgaa1	candidate
d2hgaa1	d5m3na2	candidate
d2hgaa1	d2w4fa1	candidate
d1v5qa1	d2hgaa1	candidate
d2hgaa1	d6qjla_	candidate
d2edpa1	d2hgaa1	candidate
d1v62a1	d2hgaa1	candidate
d1sota1	d2hgaa1	candidate
d1n99a1	d2hgaa1	candidate
d2hgaa1	d2yuya1	candidate
d2hgaa1	d2koja1	candidate
d2h2ba1	d2hgaa1	candidate
d2gzva1	d2hgaa1	candidate
d2hgaa1	d6y38a_	candidate
d1n7ea_	d2hgaa1	candidate
d2hgaa1	d6gbda1	candidate
d2eeha1	d2hgaa1	candidate
d2hgaa1	d3bpua1	candidate
d1rzxa_	d2hgaa1	candidate
d2g5mb1	d2hgaa1	candidate
d1um1a1	d2hgaa1	candidate
d1m5za_	d2hgaa1	candidate
d2f5ya1	d2hgaa1	candidate
d1p1da2	d2hgaa1	candidate
d1x45a1	d2hgaa1	candidate
d2edva1	d2hgaa1	candidate
d1x6da1	d2hgaa1	candidate
d1ihja_	d2hgaa1	candidate
d2hgaa1	d5fb8c_	candidate
d1uita1	d2hgaa1	candidate
d2hgaa1	d4yo1a1	candidate
d2hgaa1	d2q3ga1	candidate
d2hgaa1	d2vsva1	candidate
d2daza1	d2hgaa1	candidate
d1v6ba1	d2hgaa1	candidate
d1fftc2	d3d19a1	candidate
d1qzya1	d7k5yu_	candidate
d1xgsa1	d7k5yu_	candidate
d1vm6a2	d2hqsc2	candidate
d1vm6a2	d3td3a1	candidate
d1qmha1	d1vm6a2	candidate
d1vm6a2	d7rjja_	candidate
d3cfya1	d3ozua3	candidate
d1krha2	d3cfya1	candidate
d3cfya1	d4eh1a2	candidate
d1tvca2	d3cfya1	candidate
d2piaa2	d3cfya1	candidate
d3cfya1	d3lo8a2	candidate
d1bdfa1	d1y0ha_	candidate
d1ig3a2	d3imka1	candidate
d2nx2a1	d3imka1	candidate
d2rspa_	d4jp6a_	candidate
d1qzya1	d6qpqb_	candidate
d3cg4a_	d3ozua3	candidate
d3kyjb1	d3ozua3	candidate
d1p9la1	d3ozua3	candidate
d3ozua3	d5mp7a2	candidate
d1l5za1	d3ozua3	candidate
d1zgza1	d3ozua3	candidate
d3eqza1	d3ozua3	candidate
d1dbwa_	d3ozua3	candidate
d3ozua3	d5c1ta1	candidate
d3hlya_	d3ozua3	candidate
d1w25a2	d3ozua3	candidate
d3ozua3	d6xvud_	candidate
d1ccwa_	d3ozua3	candidate
d3ozua3	d7ccia1	candidate
d1w25a1	d3ozua3	candidate
d3ozua3	d6ohka1	candidate
d3cz5a_	d3ozua3	candidate
d3ozua3	d6onta_	candidate
d2jrla_	d3ozua3	candidate
d3ozua3	d6swla_	candidate
d2b4aa1	d3ozua3	candidate
d2qv0a_	d3ozua3	candidate
d3eula_	d3ozua3	candidate
d3ozua3	d6ekgy_	candidate
d1p6qa_	d3ozua3	candidate
d1bvyf_	d3ozua3	candidate
d3ozua3	d5nula_	candidate
d3ozua3	d3t8ya_	candidate
d1jbea_	d3ozua3	candidate
d1gdha2	d3ozua3	candidate
d2j67a_	d3ozua3	candidate
d1u9ya2	d3ozua3	candidate
d2qr3a1	d3ozua3	candidate
d3hv2a_	d3ozua3	candidate
d3ozua3	d5tqja_	candidate
d3ozua3	d4d6ya_	candidate
d3heba1	d3ozua3	candidate
d2pv7a2	d3ozua3	candidate
d1vm6a3	d3ozua3	candidate
d3ozua3	d4e7pa1	candidate
d3ozua3	d4euka_	candidate
d3khta_	d3ozua3	candidate
d2egha2	d3ozua3	candidate
d1rlja1	d3ozua3	candidate
d1t3ga_	d3ozua3	candidate
d1dcfa_	d3ozua3	candidate
d1mx3a2	d3ozua3	candidate
d3bula2	d3ozua3	candidate
d3h5ia_	d3ozua3	candidate
d1j4aa2	d3ozua3	candidate
d3ozua3	d6nfea2	candidate
d1m5ta_	d3ozua3	candidate
d3ozua3	d4zyla_	candidate
d2mska_	d3ozua3	candidate
d3ozua3	d3q15c_	candidate
d1vdma1	d3ozua3	candidate
d1qtsa1	d1rlwa_	candidate
d2ih3c_	d4dnda_	candidate
d1p9la1	d4eh1a2	candidate
d1p9la1	d3qfta2	candidate
d1f20a2	d1p9la1	candidate
d1p9la1	d3lo8a2	candidate
d1h7ca_	d2fcwa1	candidate
d1ca1a2	d3ziwa2	candidate
d1e8ca2	d1gyta1	candidate
d1fxma_	d3raoa1	candidate
d1fxma_	d1luca_	candidate
d1jmxb_	d1olza2	candidate
d1sc6a3	d1uv7a_	candidate
d1qzya1	d4ou0a_	candidate
d1xgsa1	d4ou0a_	candidate
d2gc6a1	d5c1ta2	candidate
d1bgca_	d1moja_	candidate
d1eera_	d1moja_	candidate
d1evsa_	d1moja_	candidate
d1lkia_	d1moja_	candidate
d1fe4a_	d1uv7a_	candidate
d1fftc2	d3dbya2	candidate
d2pg0a2	d3rf3a1	candidate
d2c0ua1	d3rf3a1	candidate
d3rf3a1	d4hr3a2	candidate
d3rf3a1	d5af7a2	candidate
d3r7ka2	d3rf3a1	candidate
d3ii9a2	d3rf3a1	candidate
d1wosa1	d2grea1	candidate
d1qzya1	d1zyba1	candidate
d1xgsa1	d1zyba1	candidate
d1vq8s1	d2lxia_	candidate
d1uv7a_	d3ulha_	candidate
d2d81a1	d2xuaa_	candidate
d1k77a1	d4h2ha2	candidate
d1atia1	d1nu0a_	candidate
d1atia1	d1vhxa1	candidate
d1atia1	d3zeua1	candidate
d1qzya1	d1xmka1	candidate
d1xgsa1	d1xmka1	candidate
d2d81a1	d6kxha_	candidate
d1wosa1	d2jdia2	candidate
d1wosa1	d1xe1a_	candidate
d1wosa1	d2f1la2	candidate
d1wosa1	d2crva1	candidate
d1d1na_	d1wosa1	candidate
d1r5ba1	d1wosa1	candidate
d1wosa1	d2jdid2	candidate
d1wosa1	d2pp6a1	candidate
d1wosa1	d2c78a1	candidate
d1wosa1	d3gqba1	candidate
d1wosa1	d2dpya1	candidate
d1jnya1	d1wosa1	candidate
d1wosa1	d4ac9a2	candidate
d1wosa1	d4rd4a2	candidate
d1wosa1	d2qgga1	candidate
d1wosa1	d2e1ba1	candidate
d1wosa1	d1zunb1	candidate
d1wosa1	d2fvga1	candidate
d1wosa1	d3h9na1	candidate
d1wosa1	d1y0ya1	candidate
d1wosa1	d4ac9a1	candidate
d1wosa1	d1yloa1	candidate
d1g7sa1	d1wosa1	candidate
d2d74b1	d3u1la2	candidate
d2ayxa1	d2piaa2	candidate
d2hbwa2	d2if6a1	candidate
d1cv8a_	d2if6a1	candidate
d1ct5a_	d1h1na_	candidate
d1uv7a_	d2dgxa1	candidate
d3bw6a1	d3by8a_	candidate
d1p0za1	d3bw6a1	candidate
d2a2la1	d3bw6a1	candidate
d1on2a1	d1qzya1	candidate
d1on2a1	d1xgsa1	candidate
d1bdfa1	d3hx9a_	candidate
d1xppa_	d3hx9a_	candidate
d1cfba2	d3rkpa1	candidate
d1j4aa1	d1l7da2	candidate
d1uv7a_	d2f1fa1	candidate
d1nw7a_	d3thra_	candidate
d1nw7a_	d2nxca1	candidate
d1nw7a_	d2cmga_	candidate
d1nw7a_	d1o9ga_	candidate
d1nw7a_	d2b3ta_	candidate
d1nw7a_	d2wk1a_	candidate
d1uv7a_	d2ghpa2	candidate
d2piaa2	d3nhma_	candidate
d1ct5a_	d1ztva1	candidate
d1l5za1	d3qfta2	candidate
d2jbaa_	d2piaa2	candidate
d1r3ra_	d2ycix1	candidate
d1huwa_	d3ka8a_	candidate
d1huwa_	d3kwoa1	candidate
d1huwa_	d1jiga_	candidate
d1huwa_	d2ib0a1	candidate
d1huwa_	d4iwka_	candidate
d1huwa_	d2pyba_	candidate
d1zq1c2	d3ztpa_	candidate
d1zq1c2	d3gp9a1	candidate
d1r3ra_	d4o1ea1	candidate
d1r3ra_	d3bofa1	candidate
d1uv7a_	d5o2va_	candidate
d1ib8a2	d2qn6b_	candidate
d1ijqa1	d6tbnb1	candidate
d2f9wa2	d4hwta2	candidate
d1nu0a_	d4hwta2	candidate
d3rkpa1	d5c71a2	candidate
d1x5ya1	d3rkpa1	candidate
d1j8ka_	d3rkpa1	candidate
d2rb8a_	d3rkpa1	candidate
d1axib2	d3rkpa1	candidate
d3rkpa1	d6xaxa1	candidate
d3hn3a2	d3rkpa1	candidate
d3n0pb2	d3rkpa1	candidate
d1cd9b2	d3rkpa1	candidate
d1x5aa1	d3rkpa1	candidate
d3rkpa1	d4gs7c2	candidate
d2ee3a1	d3rkpa1	candidate
d2gysa4	d3rkpa1	candidate
d3rkpa1	d4jkla2	candidate
d2cuma1	d3rkpa1	candidate
d2edya1	d3rkpa1	candidate
d1uc6a1	d3rkpa1	candidate
d3rkpa1	d5u8ra5	candidate
d3rkpa1	d5n48b_	candidate
d3rkpa1	d6tpua1	candidate
d3rkpa1	d4gs7b2	candidate
d3rkpa1	d6u7ja2	candidate
d2gysa2	d3rkpa1	candidate
d3r8qa2	d3rkpa1	candidate
d3lpwa2	d3rkpa1	candidate
d1y6kr2	d3rkpa1	candidate
d1ldda_	d1qzya1	candidate
d1ldda_	d1xgsa1	candidate
d2piaa2	d3hzha_	candidate
d1zgza1	d4eh1a2	candidate
d1zgza1	d2piaa2	candidate
d1iwga3	d3fz2a1	candidate
d1bdfa1	d1iwga3	candidate
d1iwga3	d2gjva1	candidate
d1iwga3	d2phcb2	candidate
d1qtsa1	d1wfja1	candidate
d1qtsa1	d6btya_	candidate
d1qtsa1	d1rh8a_	candidate
d1qtsa1	d2bwqa_	candidate
d4c72a2	d6lw3a_	candidate
d1orja1	d1xg2b1	candidate
d1qzya1	d2hoea1	candidate
d1vq8s1	d2pe8a1	candidate
d1u14a1	d2h84a2	candidate
d2nlya1	d3anua2	candidate
d1v6ta_	d3anua2	candidate
d2i5ia1	d3anua2	candidate
d2piaa2	d3n53a1	candidate
d2piaa2	d4h60a1	candidate
d1x91a_	d3dbya1	candidate
d1xg2b1	d3dbya1	candidate
d2cj4a_	d3dbya1	candidate
d3rkpa3	d5c71a2	candidate
d1qzya1	d3kcca2	candidate
d1qzya1	d1xb4a2	candidate
d1qzya1	d1wi9a1	candidate
d1qzya1	d2heoa_	candidate
d1lvaa3	d1qzya1	candidate
d1qzya1	d2dtra1	candidate
d1p41a1	d1qzya1	candidate
d1qzya1	d1ucra_	candidate
d1qzya1	d2ve8a_	candidate
d1qzya1	d2bbya_	candidate
d1qbja_	d1qzya1	candidate
d1qzya1	d3bwga1	candidate
d1qzya1	d5u8ja2	candidate
d1qzya1	d1t6sa2	candidate
d1qzya1	d4awxb1	candidate
d1cf7a_	d1qzya1	candidate
d1qzya1	d1u5tb2	candidate
d1hw1a1	d1qzya1	candidate
d1lvaa4	d1qzya1	candidate
d1qzya1	d2coha4	candidate
d1qzya1	d3cuqa2	candidate
d1ft9a1	d1qzya1	candidate
d1qzya1	d2ns0a1	candidate
d1qzya1	d2hs5a1	candidate
d1qzya1	d1ussa_	candidate
d1qzya1	d3r6sa2	candidate
d1oyia_	d1qzya1	candidate
d1qzya1	d1ufma1	candidate
d1qzya1	d2obpa1	candidate
d1qzya1	d1sfua_	candidate
d1p6ra_	d1qzya1	candidate
d1qzya1	d1z05a1	candidate
d1d8ka_	d1qzya1	candidate
d1qzya1	d3f0pa1	candidate
d1qzya1	d3bz6a2	candidate
d1j5ya1	d1qzya1	candidate
d1qzya1	d2cmxa_	candidate
d1pyfa1	d1r30a_	candidate
d1v5va1	d2jdia2	candidate
d1vloa1	d2jdia2	candidate
d1fdra2	d3eqza1	candidate
d1fdra2	d5c1ta1	candidate
d1fdra2	d3q72a_	candidate
d1fdra2	d1rlja1	candidate
d1fdra2	d1t3ga_	candidate
d1drua2	d4zhwa_	candidate
d1p9la2	d4zhwa_	candidate
d1uv7a_	d2ldia_	candidate
d1qzya1	d3e5ua1	candidate
d1uv7a_	d2cz4a1	candidate
d1g7sa4	d2brxa1	candidate
d1xe1a_	d2pp6a1	candidate
d1vloa1	d1xe1a_	candidate
d1svsa1	d7cc3a1	candidate
d1r30a_	d3up8a1	candidate
d1pj5a1	d2f1la2	candidate
d1ca4a1	d1wfma1	candidate
d1ca4a1	d1wfja1	candidate
d1ca4a1	d2yrba1	candidate
d1ca4a1	d1rh8a_	candidate
d1ca4a1	d2bwqa_	candidate
d1ca4a1	d4ns0a_	candidate
d1cwva1	d5m0yb1	candidate
d1au1a_	d1rtwa_	candidate
d1au1a_	d3mvua_	candidate
d1au1a_	d1j77a_	candidate
d1au1a_	d2q4xa_	candidate
d1au1a_	d3no6a1	candidate
d1au1a_	d3kwoa1	candidate
d1f45b_	d3kwoa1	candidate
d1f45b_	d1jiga_	candidate
d1f45b_	d2ib0a1	candidate
d2cj4a_	d3d19a2	candidate
d1nh8a2	d1uv7a_	candidate
d1bgca_	d2c41a_	candidate
d1eera_	d2c41a_	candidate
d1evsa_	d2c41a_	candidate
d1lkia_	d2c41a_	candidate
d1eera_	d2c2ua_	candidate
d2io8a3	d5s5df2	candidate
d1krha2	d3eqza1	candidate
d3eqza1	d4eh1a2	candidate
d3eqza1	d3qfta2	candidate
d1tvca2	d3eqza1	candidate
d1f20a2	d3eqza1	candidate
d2piaa2	d3eqza1	candidate
d1qfja2	d3eqza1	candidate
d3eqza1	d3lo8a2	candidate
d1dbwa_	d1krha2	candidate
d1dbwa_	d4eh1a2	candidate
d1dbwa_	d2piaa2	candidate
d1dbwa_	d1qfja2	candidate
d1dbwa_	d3lo8a2	candidate
d1i4ja_	d2rdxa1	candidate
d1stma_	d3v98a1	candidate
d1bu8a1	d1stma_	candidate
d1ca1a2	d1stma_	candidate
d1stma_	d2p0ma2	candidate
d1ffgb_	d3bp3a_	candidate
d1ffgb_	d1uv7a_	candidate
d1bdfa1	d1iwga2	candidate
d1iwga2	d1ru0a_	candidate
d1iwga2	d2phcb2	candidate
d1nc7a1	d2a73b6	candidate
d1nc7a1	d1nqja_	candidate
d1nc7a1	d3cu7ad	candidate
d1drua2	d2hqsc2	candidate
d2crva1	d4ac9a3	candidate
d1vloa1	d2crva1	candidate
d1p0za1	d6qh5n_	candidate
d3ivva1	d5r68a_	candidate
d1pfoa2	d3cu7ad	candidate
d1cnt1_	d1hf8a1	candidate
d3b7ya_	d3pjla_	candidate
d1r30a_	d3raoa1	candidate
d1xyza_	d3raoa1	candidate
d2fg1a2	d2gc6a1	candidate
d1j6ua2	d2fg1a2	candidate
d1o5za1	d2fg1a2	candidate
d1bgca_	d4cy9a1	candidate
d1eera_	d4cy9a1	candidate
d1evsa_	d4cy9a1	candidate
d1lkia_	d4cy9a1	candidate
d2gmqa1	d2qdxa1	candidate
d1vloa1	d2qdxa1	candidate
d3bp3a_	d3rw7a1	candidate
d1uv7a_	d3rw7a1	candidate
d1vq8s1	d3rw7a1	candidate
d1uv7a_	d2cyya2	candidate
d1xb4a2	d1xgsa1	candidate
d1vq8r1	d4dhga1	candidate
d1uv7a_	d1y3ja1	candidate
d1bgca_	d1rtwa_	candidate
d1rtwa_	d3piwa_	candidate
d1evsa_	d1rtwa_	candidate
d1n1fa_	d1rtwa_	candidate
d1alua_	d1rtwa_	candidate
d5o2da_	d7cc3a1	candidate
d5laua1	d7cc3a1	candidate
d4d86a1	d7cc3a1	candidate
d1yd9a1	d7cc3a1	candidate
d1xg2b1	d2ykza_	candidate
d1aepa_	d2ykza_	candidate
d1u84a_	d2np3a2	candidate
d1aepa_	d6a3ka_	candidate
d1s2la_	d3qfta2	candidate
d1kqka_	d1uv7a_	candidate
d1o8ba2	d1vq8s1	candidate
d2ia7a1	d4az9a1	candidate
d1g7sa4	d4a7wa_	candidate
d1ct5a_	d3no3a1	candidate
d1ct5a_	d2y24a2	candidate
d1ct5a_	d1vd6a_	candidate
d1ceoa_	d1ct5a_	candidate
d1ct5a_	d3qvqa_	candidate
d1ct5a_	d3amca_	candidate
d1ct5a_	d1ta3a_	candidate
d1c0aa2	d3ztpa_	candidate
d1bgca_	d3ka8a_	candidate
d1bgca_	d4cyba_	candidate
d1bgca_	d3iq1a_	candidate
d1bgca_	d4cvra_	candidate
d1bgca_	d3kwoa1	candidate
d1bgca_	d5hjfa_	candidate
d1bgca_	d6txia_	candidate
d1bgca_	d4a25a_	candidate
d1bgca_	d1jiga_	candidate
d1bgca_	d2ib0a1	candidate
d1bgca_	d2oh3a1	candidate
d1bgca_	d4iwka_	candidate
d1bgca_	d2pyba_	candidate
d1uv7a_	d2cpda1	candidate
d1uv7a_	d1ygya3	candidate
d1uv7a_	d6c3ma3	candidate
d2piaa2	d3nnsa_	candidate
d1uv7a_	d2f1fa2	candidate
d2d81a1	d5hc0a_	candidate
d1o0wa1	d1ztda1	candidate
d1uv7a_	d2joqa1	candidate
d1krha2	d5c1ta1	candidate
d4eh1a2	d5c1ta1	candidate
d1tvca2	d5c1ta1	candidate
d1qfja2	d5c1ta1	candidate
d1uv7a_	d1zvpa2	candidate
d1bdfa1	d1mwqa_	candidate
d2zgya2	d4yuca2	candidate
d2ghpa1	d3bp3a_	candidate
d3bp3a_	d5w0ga1	candidate
d3bp3a_	d3h2ve1	candidate
d1drua2	d3td3a1	candidate
d1p9la2	d3td3a1	candidate
d3qvsa2	d3td3a1	candidate
d1krha2	d3ktoa_	candidate
d1krha2	d3cg4a_	candidate
d1krha2	d1p9la1	candidate
d1krha2	d1l5za1	candidate
d1krha2	d1zgza1	candidate
d1krha2	d3hlya_	candidate
d1krha2	d1w25a2	candidate
d1krha2	d6xvud_	candidate
d1krha2	d7ccia1	candidate
d1krha2	d1w25a1	candidate
d1krha2	d6onta_	candidate
d1krha2	d2jrla_	candidate
d1krha2	d2b4aa1	candidate
d1krha2	d2qv0a_	candidate
d1krha2	d3eula_	candidate
d1krha2	d6ekgy_	candidate
d1krha2	d1p6qa_	candidate
d1krha2	d3w9sa_	candidate
d1krha2	d5nula_	candidate
d1krha2	d3t8ya_	candidate
d1jbea_	d1krha2	candidate
d1gdha2	d1krha2	candidate
d1krha2	d1u9ya2	candidate
d1krha2	d2qr3a1	candidate
d1krha2	d3luaa1	candidate
d1krha2	d4nica_	candidate
d1krha2	d5tqja_	candidate
d1krha2	d4d6ya_	candidate
d1krha2	d3heba1	candidate
d1krha2	d5dcla_	candidate
d1krha2	d6m8oa_	candidate
d1krha2	d4e7pa1	candidate
d1krha2	d4euka_	candidate
d1krha2	d3khta_	candidate
d1krha2	d1rlja1	candidate
d1krha2	d1t3ga_	candidate
d1dcfa_	d1krha2	candidate
d1krha2	d1mx3a2	candidate
d1krha2	d3h5ia_	candidate
d1krha2	d1m5ta_	candidate
d1krha2	d4zyla_	candidate
d1krha2	d3q15c_	candidate
d1k66a1	d1krha2	candidate
d3djca1	d3uh0a2	candidate
d1nu0a_	d3uh0a2	candidate
d1d1na_	d4rd4a3	candidate
d1d1na_	d1vloa1	candidate
d3fz2a1	d4i6ya2	candidate
d1cg2a2	d3fz2a1	candidate
d1vgya2	d3fz2a1	candidate
d1uv7a_	d3c20a2	candidate
d3hlya_	d4eh1a2	candidate
d3hlya_	d3qfta2	candidate
d1tvca2	d3hlya_	candidate
d1f20a2	d3hlya_	candidate
d3hlya_	d3lo8a2	candidate
d1r5ba1	d4rd4a3	candidate
d1r5ba1	d4ac9a3	candidate
d1r5ba1	d1vloa1	candidate
d1ri6a1	d4wjka_	candidate
d1l0qa2	d4wjka_	candidate
d3mvua_	d3n0pa_	candidate
d1l0wa2	d2p8ia2	candidate
d1eera_	d1lkoa1	candidate
d1lkoa1	d2l3ya_	candidate
d1evsa_	d1lkoa1	candidate
d1lkia_	d1lkoa1	candidate
d1bdfa1	d3fmba1	candidate
d1twfk_	d3fmba1	candidate
d2jdid2	d2pp6a1	candidate
d2jdid2	d4rd4a3	candidate
d1vloa1	d2jdid2	candidate
d1w25a2	d4eh1a2	candidate
d1w25a2	d3qfta2	candidate
d1f20a2	d1w25a2	candidate
d1w25a2	d3lo8a2	candidate
d1o13a_	d2cyja1	candidate
d1wu7a1	d2cyja1	candidate
d1rdua_	d2cyja1	candidate
d2ghpa1	d3buea_	candidate
d3buea_	d3h2ve1	candidate
d3buea_	d3dxsx_	candidate
d2y8ya1	d3buea_	candidate
d3buea_	d3u1la2	candidate
d2dita1	d3buea_	candidate
d1jmta_	d3buea_	candidate
d1booa_	d2nxca1	candidate
d1booa_	d1o9ga_	candidate
d1booa_	d3gu3a_	candidate
d1booa_	d2b3ta_	candidate
d1booa_	d1ri5a_	candidate
d1booa_	d1rjda1	candidate
d1g60a_	d2nxca1	candidate
d1g60a_	d2b3ta_	candidate
d1g60a_	d1ri5a_	candidate
d1g60a_	d3tosa_	candidate
d1g60a_	d2wk1a_	candidate
d2a73a4	d5m0yb1	candidate
d1uv7a_	d2g9oa_	candidate
d1npea_	d2xzga1	candidate
d1ijqa1	d2xzga1	candidate
d1xgsa1	d2heoa_	candidate
d1jqlb_	d1zpda2	candidate
d1uv7a_	d2cdqa3	candidate
d1lvaa3	d1xgsa1	candidate
d1qfha1	d5m0yb1	candidate
d1wmda1	d3v98a1	candidate
d2id4a1	d3v98a1	candidate
d1rdua_	d2q4qa2	candidate
d4eh1a2	d6xvud_	candidate
d3qfta2	d6xvud_	candidate
d1tvca2	d6xvud_	candidate
d1f20a2	d6xvud_	candidate
d2piaa2	d6xvud_	candidate
d1i1rb_	d3ka8a_	candidate
d1evsa_	d3ka8a_	candidate
d3ka8a_	d3n0pa_	candidate
d1rhca_	d2d69a1	candidate
d1ccwa_	d4eh1a2	candidate
d1ccwa_	d3qfta2	candidate
d1ccwa_	d1tvca2	candidate
d1ccwa_	d1f20a2	candidate
d1ccwa_	d2piaa2	candidate
d1nbwb_	d2vgna2	candidate
d2d0ob1	d2vgna2	candidate
d1vq8s1	d2cq1a1	candidate
d1eera_	d2fjca1	candidate
d1eera_	d4cyba_	candidate
d1eera_	d3iq1a_	candidate
d1eera_	d4cvra_	candidate
d1eera_	d1nfva_	candidate
d1eera_	d2fzfa1	candidate
d1eera_	d3kwoa1	candidate
d1eera_	d2yjka_	candidate
d1eera_	d7diea_	candidate
d1eera_	d2cf7a_	candidate
d1eera_	d6txia_	candidate
d1eera_	d4a25a_	candidate
d1eera_	d1jiga_	candidate
d1eera_	d2ib0a1	candidate
d1eera_	d2oh3a1	candidate
d1eera_	d4iwka_	candidate
d1eera_	d2pyba_	candidate
d1eera_	d1vjxa1	candidate
d2huja1	d3iam13	candidate
d2etsa1	d3iam13	candidate
d1tqyb2	d1u14a1	candidate
d1ox0a2	d1u14a1	candidate
d1u14a1	d4jaqa2	candidate
d1u14a1	d1u6ea2	candidate
d1hnja2	d1u14a1	candidate
d1u14a1	d4c72a2	candidate
d1o2ca1	d1uv7a_	candidate
d1qsda_	d2ih3c_	candidate
d1qsda_	d2fcwa1	candidate
d1i1rb_	d3kwoa1	candidate
d1i1rb_	d1jiga_	candidate
d1i1rb_	d4iwka_	candidate
d1bdfa1	d2od4a1	candidate
d1j77a_	d3piwa_	candidate
d4eh1a2	d7ccia1	candidate
d1tvca2	d7ccia1	candidate
d1f20a2	d7ccia1	candidate
d2piaa2	d7ccia1	candidate
d1qfja2	d7ccia1	candidate
d3ii7a_	d6xlra2	candidate
d2l3ya_	d4cvra_	candidate
d2l3ya_	d4a25a_	candidate
d2ib0a1	d2l3ya_	candidate
d2l3ya_	d2pyba_	candidate
d1uv7a_	d1wf2a1	candidate
d1r4xa1	d2edma1	candidate
d1p4ua_	d2edma1	candidate
d2a7ba_	d2edma1	candidate
d3rkpa3	d4lxoa2	candidate
d1dt9a1	d2d0ob1	candidate
d1vdza2	d2l5ta_	candidate
d1geqa_	d3aama_	candidate
d1bdfa1	d1x7va1	candidate
d2piaa2	d2zaya_	candidate
d1bdfa1	d3qmqa1	candidate
d1bdfa1	d1cg2a2	candidate
d1bdfa1	d1q8ba_	candidate
d1bdfa1	d1tz0a_	candidate
d1bdfa1	d5b08a_	candidate
d1bdfa1	d1loua_	candidate
d1bdfa1	d2vv5a2	candidate
d1bdfa1	d1vmba_	candidate
d1bdfa1	d1d5ka_	candidate
d1bdfa1	d1iuja_	candidate
d1bdfa1	d1j27a_	candidate
d1bdfa1	d3kdna1	candidate
d1bdfa1	d3dxsx_	candidate
d1bdfa1	d1jjcb4	candidate
d1bdfa1	d2j5aa1	candidate
d1bdfa1	d1iwga1	candidate
d1bdfa1	d2qyca1	candidate
d1bdfa1	d2pd1a1	candidate
d1bdfa1	d2qn6b_	candidate
d1bdfa1	d1u8sa2	candidate
d1bdfa1	d2bbea_	candidate
d1bdfa1	d3bgua1	candidate
d1bdfa1	d1iwga4	candidate
d1bdfa1	d2wvfa2	candidate
d1bdfa1	d1lq9a_	candidate
d1bdfa1	d2qalf1	candidate
d1bdfa1	d2b7cb_	candidate
d1bdfa1	d2vjva1	candidate
d1bdfa1	d1vgya2	candidate
d1bdfa1	d1ivza1	candidate
d1xgsa1	d2dtra1	candidate
d2ia7a1	d4hasa_	candidate
d1w25a1	d4eh1a2	candidate
d1w25a1	d3qfta2	candidate
d1w25a1	d2piaa2	candidate
d3u3ga_	d3v7ia1	candidate
d2c78a2	d3gqba1	candidate
d2c78a2	d2e1ba1	candidate
d1g7sa1	d2c78a2	candidate
d3qfta2	d6ohka1	candidate
d1f20a2	d6ohka1	candidate
d2ih3c_	d3ze3a_	candidate
d1r5ba1	d2pp6a1	candidate
d2c78a1	d2pp6a1	candidate
d1jnya1	d2pp6a1	candidate
d1y0ya1	d2pp6a1	candidate
d2pp6a1	d4ac9a1	candidate
d1vhoa1	d2pp6a1	candidate
d1p41a1	d1xgsa1	candidate
d1sk7a_	d3piwa_	candidate
d1f20a2	d3cz5a_	candidate
d1uv7a_	d2bm1a4	candidate
d1vloa1	d2c78a1	candidate
d1cg2a2	d2gjva1	candidate
d1uv7a_	d2rs8a1	candidate
d4eh1a2	d6onta_	candidate
d2piaa2	d6onta_	candidate
d1c0aa2	d3gp9a1	candidate
d1q8ba_	d1xppa_	candidate
d2j01s1	d4fyla1	candidate
d1chda_	d4xlla_	candidate
d1nbwb_	d4af1a2	candidate
d1ox0a2	d4af1a2	candidate
d2d0ob1	d4af1a2	candidate
d4af1a2	d4c72a2	candidate
d1r30a_	d1ynpa1	candidate
d1r30a_	d7ezia1	candidate
d1r30a_	d5jgya_	candidate
d1r30a_	d3n6qa_	candidate
d1r30a_	d4r9oa_	candidate
d1g7sa4	d2j4ja_	candidate
d2jrla_	d2piaa2	candidate
d1e8ca2	d3ewoa1	candidate
d1p3da2	d3ewoa1	candidate
d1o5za1	d3ewoa1	candidate
d3qfta2	d6swla_	candidate
d1f20a2	d6swla_	candidate
d2piaa2	d6swla_	candidate
d1uv7a_	d2ghpa1	candidate
d1vq8s1	d2ghpa1	candidate
d1o0wa2	d2vyxa_	candidate
d1wu7a1	d2bh1a1	candidate
d1wu7a1	d3zeua1	candidate
d1bu8a1	d3ziwa2	candidate
d1bu8a1	d2id4a1	candidate
d2gjva1	d3i4hx1	candidate
d1xgsa1	d2ve8a_	candidate
d1v95a1	d3djca1	candidate
d2b4aa1	d4eh1a2	candidate
d2b4aa1	d3qfta2	candidate
d1tvca2	d2b4aa1	candidate
d1f20a2	d2b4aa1	candidate
d2b4aa1	d2piaa2	candidate
d2b4aa1	d3lo8a2	candidate
d1lkia_	d2fjca1	candidate
d1n26a3	d3rkpa1	candidate
d1alua_	d2q4xa_	candidate
d1ca1a2	d1uxza_	candidate
d1uv7a_	d2dnqa1	candidate
d1vq8s1	d2dnqa1	candidate
d1tvca2	d5ljpa_	candidate
d1uv7a_	d1v5ib1	candidate
d1gz0a2	d2wb9a1	candidate
d3rkpa3	d6xaxa1	candidate
d2qv0a_	d4eh1a2	candidate
d2qv0a_	d3qfta2	candidate
d1t15a2	d1yt8a2	candidate
d1yt8a2	d2r48a1	candidate
d1xgsa1	d2bbya_	candidate
d1n1fa_	d1sk7a_	candidate
d1i4ja_	d4kema1	candidate
d1gr0a2	d1qmha1	candidate
d1drua2	d1qmha1	candidate
d1qmha1	d6rvqa2	candidate
d1qmha1	d3c9ua1	candidate
d1d2pa4	d4qmea3	candidate
d2a73b6	d3v98a1	candidate
d1k77a1	d2w79a_	candidate
d1k77a1	d3r1za2	candidate
d1k77a1	d4dhga2	candidate
d1geqa_	d1k77a1	candidate
d1k77a1	d3thaa1	candidate
d1ca1a2	d5ikua1	candidate
d1ca1a2	d1wmda1	candidate
d1ca1a2	d1f15a_	candidate
d1ca1a2	d1nqja_	candidate
d1ca1a2	d2qkga3	candidate
d1ca1a2	d2id4a1	candidate
d1ca1a2	d4ywaa_	candidate
d2j01s1	d3v2cy_	candidate
d2j01s1	d3tqma_	candidate
d2pp6a1	d3gqba1	candidate
d3gqba1	d4rd4a3	candidate
d1vloa1	d3gqba1	candidate
d2qdva_	d3qvaa1	candidate
d3cvba_	d3qvaa1	candidate
d1ibya_	d3qvaa1	candidate
d1evsa_	d2q4xa_	candidate
d1evsa_	d4cyba_	candidate
d1evsa_	d3iq1a_	candidate
d1evsa_	d4cvra_	candidate
d1evsa_	d1nfva_	candidate
d1evsa_	d3kwoa1	candidate
d1evsa_	d2yjka_	candidate
d1evsa_	d5hjfa_	candidate
d1evsa_	d2cf7a_	candidate
d1evsa_	d5uwza_	candidate
d1evsa_	d6txia_	candidate
d1evsa_	d4a25a_	candidate
d1evsa_	d1jiga_	candidate
d1evsa_	d2ib0a1	candidate
d1evsa_	d2oh3a1	candidate
d1evsa_	d4iwka_	candidate
d1evsa_	d2pyba_	candidate
d1evsa_	d1vjxa1	candidate
d2dpya1	d2pp6a1	candidate
d1vloa1	d2dpya1	candidate
d3hn3a2	d3rkpa3	candidate
d5o2da_	d5xk6a1	candidate
d1vjpa4	d3td3a1	candidate
d1vjpa4	d2v9ya1	candidate
d1vjpa4	d2z1ea1	candidate
d1vjpa4	d6rvqa2	candidate
d1k8ma1	d1vdza2	candidate
d1ghja_	d1vdza2	candidate
d1bdoa_	d1vdza2	candidate
d1uv7a_	d3b0ga3	candidate
d1lkia_	d4cyba_	candidate
d3eula_	d4eh1a2	candidate
d3eula_	d3qfta2	candidate
d1tvca2	d3eula_	candidate
d2piaa2	d3eula_	candidate
d3eula_	d3lo8a2	candidate
d1rhca_	d7c0da_	candidate
d1rhca_	d4fhaa_	candidate
d1rhca_	d3na8a_	candidate
d1rhca_	d5ruba1	candidate
d1rhca_	d2egza_	candidate
d1rhca_	d1vr6a2	candidate
d1rhca_	d2oemb2	candidate
d1rhca_	d4cnna_	candidate
d1rhca_	d1sfla_	candidate
d1r30a_	d4ijra_	candidate
d1h4vb1	d5tkwa2	candidate
d1qbja_	d1xgsa1	candidate
d1iv0a_	d1wu7a1	candidate
d2piaa2	d3kcna1	candidate
d5laua1	d5xk6a1	candidate
d3qfta2	d6ekgy_	candidate
d1tvca2	d6ekgy_	candidate
d2piaa2	d6ekgy_	candidate
d3lo8a2	d6ekgy_	candidate
d1luca_	d1tj2a2	candidate
d1luca_	d4f8xa_	candidate
d1xgsa1	d3bwga1	candidate
d2p0ma2	d5ikua1	candidate
d1jnya1	d4rd4a3	candidate
d1jnya1	d4ac9a3	candidate
d1jnya1	d1vloa1	candidate
d1v95a1	d2f9wa2	candidate
d1kmma1	d2f9wa2	candidate
d1p6qa_	d4eh1a2	candidate
d1p6qa_	d2piaa2	candidate
d1dm9a_	d1h3fa2	candidate
d1h3fa2	d1ni3a2	candidate
d2nlya1	d3kxqa_	candidate
d2nlya1	d3taob_	candidate
d2nlya1	d3llxa2	candidate
d1fjgj_	d1yqha1	candidate
d1fjgj_	d2iboa1	candidate
d1vq8s1	d2mzqa1	candidate
d1v95a1	d3bexa1	candidate
d1ny5a1	d3qfta2	candidate
d1ny5a1	d2piaa2	candidate
d2piaa2	d3hdva_	candidate
d1uv7a_	d2ytca1	candidate
d1uv7a_	d1zpva1	candidate
d2ia7a1	d2wwea1	candidate
d1r4xa1	d6btya_	candidate
d1ca1a2	d5hbaa_	candidate
d3iq1a_	d3s9da_	candidate
d1lkia_	d3iq1a_	candidate
d3iq1a_	d3n0pa_	candidate
d1v5va1	d4ac9a2	candidate
d1vloa1	d4ac9a2	candidate
d1bu8a1	d1wmda1	candidate
d1wmda1	d2p0ma2	candidate
d2piaa2	d3w9sa_	candidate
d1uv7a_	d2ek1a1	candidate
d1uv7a_	d2dgva1	candidate
d1uj6a2	d1uv7a_	candidate
d1uv7a_	d2qmwa2	candidate
d1uv7a_	d1whwa1	candidate
d1uv7a_	d6ud7c_	candidate
d1uv7a_	d5zcza_	candidate
d1uv7a_	d2dgta1	candidate
d1uv7a_	d2cqha1	candidate
d1kn6a_	d1uv7a_	candidate
d1uv7a_	d5diib2	candidate
d1uv7a_	d2cfxa2	candidate
d1uv7a_	d2f06a2	candidate
d1uv7a_	d2vd3a2	candidate
d1uv7a_	d3h2ve1	candidate
d1uv7a_	d6mm2a1	candidate
d1uv7a_	d2f06a1	candidate
d1uv7a_	d1yjra1	candidate
d1uv7a_	d3n79a1	candidate
d1uv7a_	d2cvea2	candidate
d1uv7a_	d2cg4a2	candidate
d1uv7a_	d1vi7a2	candidate
d1uv7a_	d2xmka_	candidate
d1uv7a_	d2e29a1	candidate
d1utaa_	d1uv7a_	candidate
d1uv7a_	d3cjkb1	candidate
d1phza1	d1uv7a_	candidate
d1uv7a_	d3c20a3	candidate
d1uv7a_	d5uzna_	candidate
d1uv7a_	d2p5va2	candidate
d1u8sa2	d1uv7a_	candidate
d1uv7a_	d4iyqa1	candidate
d1uv7a_	d3b82a3	candidate
d1uv7a_	d2xmwa_	candidate
d1uv7a_	d2dcla_	candidate
d1uv7a_	d2j0wa2	candidate
d1uv7a_	d2wvfa2	candidate
d1uv7a_	d1y7pa2	candidate
d1uv7a_	d2bj7a2	candidate
d1uv7a_	d1x4ea1	candidate
d1uv7a_	d1zhva2	candidate
d1uv7a_	d2rsqa_	candidate
d1uv7a_	d2nzca1	candidate
d1uv7a_	d2pn6a2	candidate
d1uv7a_	d1wwha1	candidate
d1u0sa_	d1uv7a_	candidate
d1uv7a_	d2dy1a4	candidate
d1ufwa1	d1uv7a_	candidate
d1ayea2	d1uv7a_	candidate
d1nzaa_	d1uv7a_	candidate
d1uv7a_	d6c3ma1	candidate
d1uv7a_	d4yb6a2	candidate
d1spbp_	d1uv7a_	candidate
d1uv7a_	d1zj9a1	candidate
d1uv7a_	d2nuha_	candidate
d1q5ya_	d1uv7a_	candidate
d2piaa2	d5t3ya_	candidate
d1bvyf_	d3qfta2	candidate
d1bvyf_	d1tvca2	candidate
d1bvyf_	d1f20a2	candidate
d1f00i1	d5m0yb1	candidate
d1kzla1	d2gmqa1	candidate
d2gmqa1	d4gqna1	candidate
d1k77a1	d1x7fa2	candidate
d1nu0a_	d1v95a1	candidate
d1v95a1	d1vhxa1	candidate
d1ctfa_	d2lrra_	candidate
d2piaa2	d2qxya1	candidate
d1wl4a2	d3u3ga_	candidate
d1gz0a2	d4f0ba1	candidate
d1lkia_	d4cvra_	candidate
d1lucb_	d1tj2a2	candidate
d1lkia_	d1nfva_	candidate
d1vq8s1	d6q2ia_	candidate
d2p5ma_	d3h2ve1	candidate
d1vq8s1	d3h2ve1	candidate
d2fzfa1	d4neja_	candidate
d1alua_	d3kwoa1	candidate
d1lkia_	d3kwoa1	candidate
d3kwoa1	d3n0pa_	candidate
d1cnt1_	d3kwoa1	candidate
d4eh1a2	d5nula_	candidate
d3qfta2	d5nula_	candidate
d1tvca2	d5nula_	candidate
d1f20a2	d5nula_	candidate
d1pj5a1	d2qgga1	candidate
d3t8ya_	d4eh1a2	candidate
d3qfta2	d3t8ya_	candidate
d1tvca2	d3t8ya_	candidate
d1f20a2	d3t8ya_	candidate
d2piaa2	d3t8ya_	candidate
d1qfja2	d3t8ya_	candidate
d3lo8a2	d3t8ya_	candidate
d4eh1a2	d6ohka1	candidate
d1gdha2	d4eh1a2	candidate
d4eh1a2	d5tqja_	candidate
d4d6ya_	d4eh1a2	candidate
d3heba1	d4eh1a2	candidate
d4eh1a2	d5wida_	candidate
d4e7pa1	d4eh1a2	candidate
d4eh1a2	d4euka_	candidate
d3khta_	d4eh1a2	candidate
d1rlja1	d4eh1a2	candidate
d1t3ga_	d4eh1a2	candidate
d1mx3a2	d4eh1a2	candidate
d3h5ia_	d4eh1a2	candidate
d1m5ta_	d4eh1a2	candidate
d4eh1a2	d4zyla_	candidate
d3q15c_	d4eh1a2	candidate
d4d86a1	d5xk6a1	candidate
d1vq8s1	d3md3a1	candidate
d1vq8s1	d2dnna1	candidate
d1jbea_	d2piaa2	candidate
d1j6ua2	d2dx6a_	candidate
d1j27a_	d2gjva1	candidate
d2piaa2	d3gt7a_	candidate
d1h4vb1	d2qi2a2	candidate
d1h4vb1	d2f9wa2	candidate
d1h4vb1	d2bh1a1	candidate
d1h4vb1	d1nu0a_	candidate
d1h4vb1	d3zeua1	candidate
d1h4vb1	d1zbsa2	candidate
d2p5ma_	d3dxsx_	candidate
d1f74a_	d1rhca_	candidate
d1l7da2	d2naca1	candidate
d1rhca_	d5ui3a_	candidate
d1gz0a2	d4tr1a1	candidate
d1gz0a2	d2lqoa1	candidate
d1gz0a2	d1t4za1	candidate
d1gz0a2	d4hs1a1	candidate
d1gz0a2	d4o32a1	candidate
d1gz0a2	d1t1va_	candidate
d1gdha2	d1tvca2	candidate
d1gdha2	d2piaa2	candidate
d1gdha2	d1qfja2	candidate
d2dx6a_	d4cvka3	candidate
d3ewra_	d4cvka3	candidate
d1rhca_	d1sr9a2	candidate
d1ezwa_	d1sr9a2	candidate
d1cd9b2	d3rkpa3	candidate
d2piaa2	d3t6ka_	candidate
d2piaa2	d2rjna_	candidate
d1q79a3	d2gjva1	candidate
d1vgya2	d2gjva1	candidate
d1hwla1	d2gjva1	candidate
d1ivza1	d2gjva1	candidate
d1nbwb_	d2qi2a2	candidate
d2ia7a1	d3luia_	candidate
d1xgsa1	d4awxb1	candidate
d1u9ya2	d2piaa2	candidate
d2w0pa_	d5m0yb1	candidate
d4h8wc2	d5m0yb1	candidate
d3rgha1	d5m0yb1	candidate
d1yq2a2	d5m0yb1	candidate
d1x5aa1	d3rkpa3	candidate
d1ffgb_	d2p5ma_	candidate
d2p5ma_	d3u1la2	candidate
d2piaa2	d2qr3a1	candidate
d1cf7a_	d1xgsa1	candidate
d1r4xa1	d1rh8a_	candidate
d1rh8a_	d3ivva1	candidate
d1lb6a_	d1rh8a_	candidate
d3ltea_	d3qfta2	candidate
d3cfya1	d3qfta2	candidate
d1dbwa_	d3qfta2	candidate
d3qfta2	d7ccia1	candidate
d3qfta2	d6onta_	candidate
d1jbea_	d3qfta2	candidate
d3hv2a_	d3qfta2	candidate
d3qfta2	d7l9ca_	candidate
d3heba1	d3qfta2	candidate
d3qfta2	d5wida_	candidate
d3qfta2	d4e7pa1	candidate
d3qfta2	d4euka_	candidate
d3khta_	d3qfta2	candidate
d1t3ga_	d3qfta2	candidate
d1m5ta_	d3qfta2	candidate
d3qfta2	d4zyla_	candidate
d2mska_	d3qfta2	candidate
d3q15c_	d3qfta2	candidate
d1k66a1	d3qfta2	candidate
d1xgsa1	d7cv2a1	candidate
d1wi9a1	d1xgsa1	candidate
d1u5tb2	d1xgsa1	candidate
d1hw1a1	d1xgsa1	candidate
d1lvaa4	d1xgsa1	candidate
d1xgsa1	d3cuqa2	candidate
d1xgsa1	d2ns0a1	candidate
d1xgsa1	d2hs5a1	candidate
d1ussa_	d1xgsa1	candidate
d1oyia_	d1xgsa1	candidate
d1sfua_	d1xgsa1	candidate
d1cf7b_	d1xgsa1	candidate
d1xgsa1	d1z05a1	candidate
d1d8ka_	d1xgsa1	candidate
d1xgsa1	d3bz6a2	candidate
d1j5ya1	d1xgsa1	candidate
d1p16a2	d1s68a_	candidate
d1tvca2	d3hv2a_	candidate
d1f20a2	d3hv2a_	candidate
d1iwga1	d2phcb2	candidate
d1r4xa1	d2zkmx2	candidate
d1r4xa1	d4ns0a_	candidate
d1lkia_	d6sooa_	candidate
d1lkia_	d2yjka_	candidate
d1rhca_	d2r8wa_	candidate
d2e1ba1	d4rd4a3	candidate
d4ac9a1	d4rd4a3	candidate
d1g7sa1	d4rd4a3	candidate
d3kyga2	d4rd4a3	candidate
d1bdfa1	d2oema1	candidate
d2fh5a1	d3by8a_	candidate
d1hw1a1	d1zela1	candidate
d1uv7a_	d4zkaa_	candidate
d2piaa2	d3luaa1	candidate
d2piaa2	d4nica_	candidate
d1pj5a1	d2e1ba1	candidate
d1qfja1	d3a6ra_	candidate
d3a6ra_	d5ylya1	candidate
d1tvca1	d3a6ra_	candidate
d2piaa1	d3a6ra_	candidate
d1p9la1	d1tvca2	candidate
d1dbwa_	d1tvca2	candidate
d1tvca2	d1w25a2	candidate
d1tvca2	d6ohka1	candidate
d1tvca2	d5tqja_	candidate
d1tvca2	d3heba1	candidate
d1tvca2	d5wida_	candidate
d1tvca2	d4e7pa1	candidate
d1tvca2	d4euka_	candidate
d1tvca2	d3khta_	candidate
d1tvca2	d3d7na_	candidate
d1rlja1	d1tvca2	candidate
d1t3ga_	d1tvca2	candidate
d1tvca2	d2hnba_	candidate
d1tvca2	d3h5ia_	candidate
d1tvca2	d3q15c_	candidate
d1zunb1	d4rd4a3	candidate
d1vloa1	d1zunb1	candidate
d2piaa2	d7l9ca_	candidate
d1kmma1	d2bh1a1	candidate
d1uf1a1	d2hgaa1	candidate
d1dxya2	d3ozua3	candidate
d1dxya2	d2piaa2	candidate
d1dxya2	d1qfja2	candidate
d2piaa2	d5tqja_	candidate
d1vhna1	d5lxea_	candidate
d1p0za1	d6qh5s_	candidate
d4cnna_	d7bipa_	candidate
d1zkea1	d6sv1a1	candidate
d1ca4a1	d4weea1	candidate
d2piaa2	d4d6ya_	candidate
d1nu0a_	d4hwsa2	candidate
d1f20a2	d3heba1	candidate
d2piaa2	d3heba1	candidate
d3heba1	d3lo8a2	candidate
d2piaa2	d5dcla_	candidate
d1kmma1	d1nu0a_	candidate
d1nu0a_	d2d0ob1	candidate
d1hc7a1	d1nu0a_	candidate
d1g5ia1	d1nu0a_	candidate
d2bz7a_	d3qvaa1	candidate
d2g0wa1	d3thaa1	candidate
d1vq8s1	d5uzna_	candidate
d2piaa2	d6m8oa_	candidate
d3ozua3	d5wida_	candidate
d1f20a2	d5wida_	candidate
d1lkia_	d5hjfa_	candidate
d3n0pa_	d5hjfa_	candidate
d1yd9a1	d5xk6a1	candidate
d3proc2	d4lija_	candidate
d3rkpa3	d4gs7c2	candidate
d3rkpa3	d4jkla2	candidate
d3rkpa3	d6x39a1	candidate
d3rkpa3	d5n48b_	candidate
d3rkpa3	d6tpua1	candidate
d2db8a1	d3rkpa3	candidate
d1dbwa_	d1f20a2	candidate
d1f20a2	d6ekgy_	candidate
d1f20a2	d4e7pa1	candidate
d1f20a2	d2jk1a_	candidate
d1f20a2	d3khta_	candidate
d1f20a2	d1t3ga_	candidate
d2piaa2	d2qvga_	candidate
d1eerb2	d3rkpa1	candidate
d1vlya1	d2fvga1	candidate
d1iv0a_	d1kmma1	candidate
d1kmma1	d1vhxa1	candidate
d1kmma1	d3zeua1	candidate
d1kmma1	d1zbsa2	candidate
d1vjxa1	d2d48a_	candidate
d1qfja2	d1vm6a3	candidate
d2piaa2	d4e7pa1	candidate
d1qfja2	d4e7pa1	candidate
d3lo8a2	d4e7pa1	candidate
d1e8ca2	d2fg1a2	candidate
d1e8ca2	d5laua1	candidate
d1e8ca2	d3ewra_	candidate
d1iwga4	d2phcb2	candidate
d1jmta_	d2phcb2	candidate
d1ijqa1	d2ovrb2	candidate
d1alua_	d1jiga_	candidate
d1alua_	d2ib0a1	candidate
d1alua_	d2oh3a1	candidate
d1alua_	d4iwka_	candidate
d3iq1a_	d4neja_	candidate
d1nqja_	d3v98a1	candidate
d1nqja_	d2p0ma2	candidate
d1kqka_	d1vq8s1	candidate
d1vq8s1	d3begb_	candidate
d1vq8s1	d2fc9a1	candidate
d1vq8s1	d1weza1	candidate
d1vq8s1	d1x4da1	candidate
d1vq8s1	d4yuda1	candidate
d1ep3b1	d1vloa1	candidate
d1vfia1	d3mhsb_	candidate
d1drua2	d3oona1	candidate
d1p9la2	d3oona1	candidate
d1uv7a_	d4a8xa1	candidate
d2id4a1	d3pzwa1	candidate
d2zgya2	d4jaqa2	candidate
d1g7sa1	d4ac9a3	candidate
d2ia7a1	d3p0ca1	candidate
d1xtea_	d2ia7a1	candidate
d2piaa2	d4euka_	candidate
d3fsta_	d3gd6a2	candidate
d1iwga4	d1ru0a_	candidate
d1iq0a3	d3u1la2	candidate
d4g3ha_	d6n4la_	candidate
d1p0za1	d2fh5a1	candidate
d2piaa2	d2plna1	candidate
d2jk1a_	d2piaa2	candidate
d1e8ca2	d2dx6a_	candidate
d1p3da2	d2dx6a_	candidate
d2dx6a_	d2wjpa3	candidate
d1o5za1	d2dx6a_	candidate
d1tj2a2	d7bipa_	candidate
d4f8xa_	d7bipa_	candidate
d2ccva1	d3edea1	candidate
d1lkia_	d2cf7a_	candidate
d1uv7a_	d2do4a1	candidate
d2huja1	d6zk913	candidate
d2etsa1	d6zk913	candidate
d1p3da2	d3ewra_	candidate
d2piaa2	d3khta_	candidate
d1qfja2	d3khta_	candidate
d3khta_	d3lo8a2	candidate
d1drua2	d7rjja_	candidate
d3n0pa_	d5uwza_	candidate
d1joga_	d1zcba1	candidate
d1lkia_	d6txia_	candidate
d1hc7a1	d1vhxa1	candidate
d3cj1a1	d3v7ia1	candidate
d1u0ma2	d3cj1a1	candidate
d1r4xa1	d2cjta1	candidate
d1v6ta_	d4hl7a2	candidate
d1a04a2	d2piaa2	candidate
d1sc6a2	d2piaa2	candidate
d2piaa2	d5i4ca_	candidate
d1p9la1	d2piaa2	candidate
d1l5za1	d2piaa2	candidate
d1w25a2	d2piaa2	candidate
d2piaa2	d3cz5a_	candidate
d2piaa2	d2qv0a_	candidate
d2egha2	d2piaa2	candidate
d1rlja1	d2piaa2	candidate
d1t3ga_	d2piaa2	candidate
d2piaa2	d4xlta1	candidate
d1dcfa_	d2piaa2	candidate
d1mx3a2	d2piaa2	candidate
d2piaa2	d3h5ia_	candidate
d1m5ta_	d2piaa2	candidate
d2piaa2	d4zyla_	candidate
d2piaa2	d3hdga1	candidate
d2n9ua1	d2piaa2	candidate
d2mska_	d2piaa2	candidate
d2piaa2	d3i42a1	candidate
d2piaa2	d3q15c_	candidate
d1k66a1	d2piaa2	candidate
d1lq9a_	d1s7ia1	candidate
d1vloa1	d1y0ya1	candidate
d1cf7b_	d1qzya1	candidate
d2ez6a2	d2vyxa_	candidate
d1vloa1	d4ac9a1	candidate
d1bu8a1	d6ygqa1	candidate
d1ca4a1	d3fdwa_	candidate
d1lb6a_	d3fdwa_	candidate
d1u0ma2	d2zgya2	candidate
d1lkia_	d1z6oa1	candidate
d1lkia_	d4a25a_	candidate
d1jiga_	d1lkia_	candidate
d1lkia_	d2ib0a1	candidate
d1lkia_	d2oh3a1	candidate
d1lkia_	d4iwka_	candidate
d1lkia_	d2pyba_	candidate
d1lkia_	d1vjxa1	candidate
d2egha2	d3qfta2	candidate
d1f20a2	d2egha2	candidate
d1qfja2	d2egha2	candidate
d1vq8r1	d3q4da1	candidate
d1vq8r1	d3i6ea1	candidate
d1kkoa2	d1vq8r1	candidate
d1vq8r1	d2pgwa1	candidate
d1vq8r1	d4kema1	candidate
d1vq8r1	d4e6ma1	candidate
d1vq8r1	d3toya1	candidate
d1vq8r1	d3ik4a1	candidate
d1vq8r1	d4hpna1	candidate
d1vq8r1	d3dgba1	candidate
d1v6ta_	d3llxa2	candidate
d1vlya1	d1yloa1	candidate
d1v5va1	d1yloa1	candidate
d1fxla1	d1uv7a_	candidate
d1jiga_	d3n0pa_	candidate
d2cj4a_	d3dbya2	candidate
d1qfja2	d1t3ga_	candidate
d1t3ga_	d3lo8a2	candidate
d1u14a1	d5w8qa2	candidate
d2im5a2	d3amca_	candidate
d1mx3a2	d1qfja2	candidate
d2b61a1	d2d81a1	candidate
d2ib0a1	d3n0pa_	candidate
d1jsca3	d1w4ra1	candidate
d1aepa_	d1mqva_	candidate
d1aepa_	d1s05a_	candidate
d2id4a1	d2p0ma2	candidate
d1r4xa1	d2bwqa_	candidate
d2bwqa_	d3ivva1	candidate
d3rkpa1	d4eq3a1	candidate
d1rhca_	d1tj2a2	candidate
d2oh3a1	d3n0pa_	candidate
d3n0pa_	d4iwka_	candidate
d2pyba_	d3n0pa_	candidate
d1p9la1	d1qfja2	candidate
d1qfja2	d2b4aa1	candidate
d1qfja2	d2pv7a2	candidate
d1j4aa2	d1qfja2	candidate
d2i5ia1	d3llxa2	candidate
d3lo8a2	d7ccia1	candidate
d2egha2	d3lo8a2	candidate
d3lo8a2	d4zyla_	candidate
d1aepa_	d3vrca_	candidate
d1o5za1	d3ewra_	candidate
d1xg2b1	d3dbya2	candidate
d1huwa_	d2oh3a1	candidate
d1g7sa1	d1vloa1	candidate
d1pj5a1	d2piaa1	candidate
d1qe0a1	d2qi2a2	candidate
d1iv0a_	d1qe0a1	candidate
d3ivva1	d4ns0a_	candidate
d1lb6a_	d4ns0a_	candidate
d1uv7a_	d2j0wa3	candidate
d3raoa1	d4f8xa_	candidate
d1jmta_	d2ebba_	candidate
d1ezwa_	d4fhaa_	candidate
d1ezwa_	d1vr6a2	candidate
d1ezwa_	d4cnna_	candidate
d2wjpa3	d3ewra_	candidate
d1bdfa1	d2fyxa1	candidate
d2ccva1	d2ifga1	candidate
d1vhoa1	d1vloa1	candidate
d1sqra_	d1vloa1	candidate
d1p3da2	d1vhua_	candidate
d1u0ma1	d4jhca_	candidate
d1lb6a_	d1wfja1	candidate
d1lb6a_	d2yrba1	candidate
d1ipaa2	d1t1va_	candidate
d1i60a_	d3thaa1	candidate
d1vloa1	d2pp6a1	candidate
d1vloa1	d2fvga1	candidate
d2db8a1	d3rkpa1	candidate
d3qvsa2	d4zhwa_	candidate
