run_dir,file,qname,rname,cigar,matches,mismatches,insertions,deletions,aligned_ref_len,identity_pct,AS,NM
pairwise_3di_20251117144457,2hga_trim_10f_trim_2z9i_pdz_10f_trim_10f_ssw_output.txt,2z9i_pdz_10f_trim,2hga_trim_10f_trim,1X1D2X3=2X4I3X1=2X1D3X1=4X1=1X1=2X1I4X1I4X2I1=1X1=1X3D5X1=1X1=1X2=2I3X3I1=1X1D3X1=2X78S,15,46,13,6,67,22.39,152,65
pairwise_3di_20251117144457,2hga_trim_8f_trim_2z9i_pdz_8f_trim_8f_ssw_output.txt,2z9i_pdz_8f_trim,2hga_trim_8f_trim,5S3X1=1X1=4X2=4X1I1X4=1X2=6X1=3X1=2X2=1X1=6X2=1X1=2X1=2I1X1=3I1X3=2X1=2X78S,24,41,6,0,65,36.92,182,47
pairwise_3di_20251117144457,2hga_trim_9f_trim_2z9i_pdz_9f_trim_9f_ssw_output.txt,2z9i_pdz_9f_trim,2hga_trim_9f_trim,3S2=1X1I2X1=5X2=4X1I1X2=3X2=1X2=2X1=4X1=1X4=6X4=1X1=1X1=1X2I1=1X3I1=1X1=1X1=81S,27,36,7,0,63,42.86,155,43
pairwise_3di_20251117143336,2z9i_pdz_10f_trim_2vsv_PDZ_10f_trim_10f_ssw_output.txt,2vsv_PDZ_10f_trim,2z9i_pdz_10f_trim,1=1X1=1I3X1=1X2=1X1=1D1X2D4X5I4=1X1=6X1=3X1D4X4I2X1=68S,13,27,10,4,44,29.55,157,41
pairwise_3di_20251117143336,2z9i_pdz_8f_trim_2vsv_PDZ_8f_trim_8f_ssw_output.txt,2vsv_PDZ_8f_trim,2z9i_pdz_8f_trim,4S1X1=1X1=4X2D1X3=1X2=7X1=1X1=1X2=1X1=1X3=2X1=2X2I4X1=1X3=3X1=1D1X1=2X1=1X1=2X2=75S,26,37,2,3,66,39.39,158,42
pairwise_3di_20251117143336,2z9i_pdz_9f_trim_2vsv_PDZ_9f_trim_9f_ssw_output.txt,2vsv_PDZ_9f_trim,2z9i_pdz_9f_trim,4S1=2X1=2D1=1X1=4X1=1X3=5X2=1X1=1X1=2X1=1X3=1X2=1X1=2I3=1X1=1X4=2X1=3X1D2X1=1X1=1X2=75S,32,31,2,3,66,48.48,139,36
pairwise_3di_20251117144557,2vsv_PDZ_10f_trim_2hga_trim_10f_trim_10f_ssw_output.txt,2hga_trim_10f_trim,2vsv_PDZ_10f_trim,3X2I1D4X3D1=2X1=1D1=2X1=1X2I1X1=1X2D6X75S,5,20,4,7,32,15.62,88,31
pairwise_3di_20251117144557,2vsv_PDZ_8f_trim_2hga_trim_8f_trim_8f_ssw_output.txt,2hga_trim_8f_trim,2vsv_PDZ_8f_trim,2S1X1=2X1=1X1=5X1D1=5X2=1X4=1X1=3X1=2X2D1=1X1=2X3=3X1I2X1=1X4=1X1=61S,23,31,1,3,57,40.35,126,35
pairwise_3di_20251117144557,2vsv_PDZ_9f_trim_2hga_trim_9f_trim_9f_ssw_output.txt,2hga_trim_9f_trim,2vsv_PDZ_9f_trim,47S1=1X1=1I1X1=1X2=4X9I5X1=1X1=1I1X1=3X3=2X1=2X3=4X4=16S,19,25,11,0,44,43.18,71,36
